ID,Lat,Lon,Hgt_m
5PTS,36.429178603000004,-120.264976914,56.5231551
7OAK,37.59498606,-114.75908955700001,1713.2781037999996
7ODM,34.116406899999994,-117.093191981,762.0717087
ACSB,33.274264933000005,-117.444891086,-12.2960356
ACSX,33.274265297,-117.44489206899999,-12.291230300000002
AERO,32.80746746,-117.12437979399999,92.6906227
AGMT,34.594281855,-116.429377366,1337.8227700999996
AIAH,33.849159884,-117.86247482200001,38.2203257
AISD,33.023891888,-117.085783284,141.587007
ALAM,37.357958311,-115.158458356,1090.0045972
ALPP,34.824490351,-118.694797886,918.0726463
ALTH,36.88960596,-120.66976205200001,18.7884095
ANA1,34.015005107,-119.363469237,22.447149
AOA1,34.157443553,-118.830316994,246.5612728
APEX,36.319118805,-114.93178869299999,761.0366397000001
AQUA,32.679403925,-114.485435635,35.126916200000004
AR27,33.341848599,-117.324930724,32.3014618
AR53,33.381135308000005,-117.476505265,111.04048190000002
ARGU,36.050010756999995,-117.52194342,1791.3384142999996
ARM1,35.201251712,-118.91042280799999,76.8170267
ARM2,35.201259454,-118.910557537,76.81307640000001
ARMY,38.497713688000005,-118.438228376,1822.0195157
ARTE,38.999923395,-119.40891969299999,1638.3003485
ASHM,36.345920602,-116.139376554,885.7384406
ASTA,38.169401453,-121.684492351,-16.6706124
AVRY,34.468300825,-117.15396939799999,888.9170136
AZBH,35.107494337,-114.60498635200001,151.68498590000004
AZDS,35.53313342,-114.35923354200001,870.6669800000002
AZFM,34.852237368000004,-114.595103944,119.8819878
AZGV,35.254373750999996,-114.25426688799999,867.564983
AZKG,35.190330345999996,-114.052543416,1005.3468109
AZLH,34.50832744,-114.34713352899999,172.51495690000004
AZMP,35.370602288,-114.153740249,1271.7699557
AZNE,32.675753753,-114.59635273299999,34.623806
AZPK,34.145218809,-114.29178282,100.8911298
AZQZ,33.665647485,-114.227314263,240.2418574
AZRY,33.540071321999996,-116.62969454600001,1265.6999052
AZU1,34.126017364,-117.89648295399999,144.77114369999995
AZWE,33.821751245,-113.54197679100001,541.8997015
AZYC,34.879277608,-114.14699187299999,541.035975
AZYU,32.658349705,-114.52710759700001,36.9454167
AZYW,32.683678486999995,-114.64220057899999,10.7981154
BAK1,35.351893312,-119.020801638,93.4919226
BAKR,35.383538266,-119.01446860899999,115.2580795
BALD,37.783427262,-118.901391334,2749.4399766
BAR1,33.4804515,-119.029735676,14.809565300000004
BATM,36.403456785,-116.511552544,736.9881220999998
BBDM,34.582198109000004,-119.98151301899999,204.8752515
BBRY,34.264278602,-116.88424091,2051.0723106
BCWR,34.920461064,-119.405846773,1332.9423124000002
BDSP,37.518181407,-114.080402901,1557.8997469
BEAT,37.039931259,-116.62112806200001,1396.0333672
BEER,35.558089788000004,-117.78271885,835.3850636
BEMT,34.000534138,-115.998190684,1373.6634318
BEPK,35.878387838,-118.07409217200001,2471.1239991
BFLD,35.413084258000005,-119.045330805,108.3751226
BFLT,38.85386434,-119.675862456,1597.101674
BFSH,35.591122532,-118.497960974,791.6832975
BGIS,33.967116561,-118.159693034,2.832873
BIGP,37.167809605,-118.33832386899999,1554.8419761
BILL,33.578242899,-117.06459963,470.0642673
BIRD,35.957577697,-115.42911775399999,1523.1689634000004
BKAP,35.287047998,-116.08042360700001,252.02971180000003
BKMS,33.962257952,-118.094698061,11.0251886
BKR1,35.132387336,-119.109478114,56.8746287
BKR2,35.132579276,-119.109286761,56.7870083
BLIN,37.757996546,-118.504006779,1856.8379536
BLSA,33.799543324,-118.028676819,-23.1547702
BLYT,33.610415081,-114.71485066,85.9301329
BMHL,34.25144538,-116.052977024,722.6324132
BMRY,33.962681763,-116.98469971600001,787.2525077
BNSL,33.258126035,-117.23614661399999,37.4477597
BODI,38.216490994000004,-118.96900617899999,2468.9181716
BOMG,33.364629034000004,-115.72970474200001,-84.2046051
BONI,37.225005385,-117.17678069799999,1290.3419144000004
BOUL,35.90665668,-114.787655234,638.4805743
BRAN,34.184894054000004,-118.277049151,246.245314
BRAW,32.97842132,-115.52176647,-64.96566920000001
BRI2,37.919469751,-122.152526592,265.1044889
BRIB,37.919404222,-122.152550025,262.2679883
BRIC,37.919405266,-122.15255582299999,263.1764021
BRID,38.207009831,-119.311028798,2127.4887954
BRPK,34.682283309,-118.57680766700001,1729.1105827
BRVL,38.494249188000005,-120.041336209,2387.8585206
BSRY,34.91861218,-117.011992991,613.4716063
BTDM,34.292805101,-118.18822383,678.2439411
BUEG,34.612848724,-120.19640776799999,74.80257409999999
BULL,36.917642751,-116.871700385,1344.7881748
BUST,36.745335864,-116.450941662,992.2938656
BUTM,37.346423617,-118.55485572399999,1779.3805621
BVPP,35.157276043,-119.347506328,123.0504864
BWOD,37.958738571,-121.70885223,-2.1348039
CA00,34.41262683,-118.55365306799999,332.8900389
CA29,34.135951012,-116.052033658,576.7083158
CA99,37.644564528000004,-118.89668967200001,2391.5382297
CAAT,35.471452748000004,-120.65401646299999,263.9856832
CAB5,35.275657946,-116.0734717,261.9263713
CABD,34.104305392,-117.28336591799999,284.0046062
CABK,35.350733575,-118.968778848,92.4810046
CABS,34.894466488,-117.050015931,636.1788263
CABU,35.499968218,-119.545991105,49.7886799
CABY,33.608836516,-114.61015084200001,53.0696419
CAC1,33.799202305,-116.40556643,78.93808320000002
CAC2,35.099800649,-117.989256495,715.8000096
CAC3,38.010492877,-122.024747353,-7.8386243
CACD,38.01066896,-122.040268883,-9.206807199999998
CACJ,32.745830596,-116.94382806799999,103.5540074
CACM,32.624588165,-116.47534599,769.0310208
CACO,36.176405675,-120.359620285,193.7808084
CACP,34.085841618,-118.78573509600001,828.9169217
CACT,33.655135281,-115.989947656,518.4333085
CACV,36.827776823,-119.6883295,87.00134940000002
CACX,32.671762351999995,-115.526625775,-27.5654749
CAD1,35.759377146,-119.243842556,69.58367740000001
CADY,37.727958329,-122.50499915799999,-4.1205330999999985
CAE1,34.751317288,-115.23002094,515.3239683
CAE2,34.751080836,-115.229937838,515.3120377
CAEC,32.791442316,-115.56489336899999,-41.78476420000001
CAEG,38.381105147,-121.365087045,-9.8105132
CAES,33.700966107,-117.31266383799999,450.89681389999987
CAFA,38.24908042,-122.067913626,-12.1221826
CAFP,36.423996358000004,-120.10198455,38.5209047
CAFR,36.814447531,-119.74747009,90.4571117
CAFT,37.469953858000004,-121.92481444799999,-13.0081453
CAGD,34.128408392,-117.82703129299999,249.3387937
CAGR,37.051835068,-121.53910593799999,74.0650387
CAGW,32.712097422,-114.94318069100001,22.1336394
CAHA,36.323437213000005,-119.622771288,46.90232
CAHB,37.506167597,-122.490346308,-18.7788124
CAHF,36.854814401999995,-120.779023237,99.0986519
CAHV,32.770248966,-115.273337216,-21.8745478
CAIB,32.574829579,-117.12655199,-25.4211919
CAIS,35.602667133000004,-118.48733234299999,726.7360474999998
CAKC,36.007975457,-119.967413188,57.1027865
CAL5,34.108283833,-118.24180015600001,86.6383172
CAL8,34.80605639,-118.871583953,1369.4551467
CALA,38.596264176,-118.128745113,1868.9375081
CALB,37.098328245,-120.70166897200001,3.1682404
CALK,33.635493768,-117.71425661200001,76.6470883
CALS,34.648806874,-118.14708245700001,738.6477272999998
CAM5,35.529262865999996,-121.042907385,17.0108684
CAMB,38.792230364,-119.073085435,1519.1184905
CAMC,37.365602767,-120.422317623,64.6903012
CAMD,36.975488753,-120.079183201,54.5799086
CAMT,36.579618915,-121.82024757200001,51.480636
CANC,33.886028487,-117.573074784,151.385243
CAND,35.939351983,-120.433696201,568.3783307
CANI,33.237464539,-115.517218608,-69.01955670000001
CAOD,37.769442683,-120.837798189,20.956948800000006
CAOR,32.932693021999995,-115.291599582,-23.8126853
CAOS,33.197793451,-117.37808553299999,-3.3732481
CAOX,34.190810156,-119.173702553,-14.4784951
CAP1,37.714176075,-122.22208402700001,-20.847680800000006
CAP4,37.430327301,-121.06778761,-4.593898
CAP6,37.394938023,-122.150457625,42.4891853
CAPE,33.746568957,-118.28007053200001,-13.9920608
CAPL,37.695569459,-121.901617265,78.7261546
CAPV,38.697341045,-120.82418496700001,529.6846611000002
CAR1,33.920895639,-117.416601899,239.1841172
CARA,33.042658955,-116.86666286299999,413.8339953
CARH,35.888384153000004,-120.430821115,480.2521197
CARK,38.790380731999996,-121.31259913299999,18.3171898
CARR,35.888349801,-120.43083533299999,478.6420063
CAS4,33.759455274000004,-117.91297101200001,-1.2484612
CAS6,33.759432513,-117.912953075,-1.8833687
CASA,37.644636173,-118.896661605,2390.3774035
CASD,32.814306361999996,-117.122442746,104.7453302
CASE,33.455350393,-117.403983563,776.4842937000002
CASJ,33.807305418,-116.97137105799999,442.7880008
CASM,34.017710727,-118.47169141399999,30.189311100000005
CASN,34.415688527,-119.84528856200001,3.4831797999999994
CASR,38.440674421,-122.747006384,11.4599518
CASU,36.958960065,-122.05462140799999,2.4235815
CASZ,36.958959881999995,-122.05460890799999,2.4184035
CAT1,33.445770962,-118.48300531,3.9166949
CAT2,33.311616351,-118.33381541899999,477.2414006
CAT3,33.445761313,-118.483005549,5.1217086
CAT8,37.69377503,-121.447864167,25.9267853
CATC,33.846244386,-118.35571410600001,6.8666686000000015
CATE,33.51417064,-117.17811505799999,290.96199269999994
CATF,35.149187476,-119.45982845,259.8752285
CATL,37.50121974,-120.84445353299999,13.8235416
CAVI,34.511328346,-117.322932329,879.5819806
CAWO,36.40028146,-119.103837291,104.2019883
CAWS,33.070012211999995,-115.735288291,-79.1459291
CAWV,34.159299432,-118.832755041,247.524009
CBAD,33.121318396,-117.31758025799999,-5.3369904
CBHS,34.138561008,-118.629804921,284.6098241
CCCC,35.56531211,-117.67117202200001,813.9796498
CCCO,33.876259755,-118.211197392,-16.9443077
CCCS,33.862742659,-117.86494251399999,31.8221878
CCSF,37.748792615,-122.400455725,-16.4139747
CCST,34.806361903,-119.013464031,1578.0909759
CCWR,36.110167155999996,-115.038719364,494.70099280000005
CDMT,34.829467498,-116.335931198,936.5575808
CERB,35.464565013000005,-114.040940706,936.2011921
CERR,36.536409899,-117.82086220299999,2043.443682
CGDM,34.243992546,-117.964945326,704.6807316000002
CHAB,37.724114881,-122.11930710600001,213.9277669
CHIA,37.838170389,-118.206969475,1982.9094091
CHIL,34.333422511,-118.02599858200001,1567.504808
CHLO,36.746502215,-116.765525735,864.2237888000002
CHMS,34.64046214,-117.82770134399999,760.2956651000002
CHOR,35.332723291,-120.734767011,66.9572673
CHOW,37.084850812,-120.21050820399999,46.6607001
CIC1,31.870677505,-116.665759964,64.338173
CICE,31.871263386,-116.667380306,87.6541624
CIRX,34.109553034,-118.937294833,488.212255
CIT1,34.136708629,-118.127284924,215.3536668
CJMG,34.271194999,-117.424463556,1584.4142735
CJMS,34.313798538,-117.479380075,933.3542554
CJVG,34.530320941999996,-118.144230604,1304.8457627
CLAR,34.109928069,-117.70880941600001,373.6228933
CLBD,33.135385656,-117.310975954,20.5817749
CLV1,36.214605799999994,-115.258187022,703.40996
CLV2,36.31769115,-115.271118071,734.1250692000001
CLV3,36.18197283,-115.349811427,986.0279817
CMBB,38.034176337,-120.386040042,695.7129057
CMNC,38.206345462,-120.99949689399999,53.7850101
CMOD,37.641337217,-120.999976623,28.1163318
CMP9,34.353179207,-118.41142268700001,1138.0602784000002
CMPO,32.686590949,-116.526501306,904.5619855
CMR1,32.967185231,-117.091200681,140.953679
CMRP,32.967185279,-117.09120087,140.9384645
CNDR,37.896405239,-121.27849584299999,-20.7442867
CNPP,33.85763201,-117.608919087,300.3110421
COAG,32.863464098,-115.12334716,3.6525703
COKG,32.850512740999996,-115.728501025,-46.9168486
COLU,38.088779402,-118.05397016799999,1468.3402535
COMA,37.264246388000004,-119.690140165,662.3590152
CON1,38.001688386,-122.05561333200001,-17.3402807
CONW,38.124841059,-119.172326217,2477.7580955
COPR,34.414907125999996,-119.879524928,-22.8403499
CORX,32.415371255,-117.248179796,74.3218411
COSJ,36.06343716,-117.881038855,1176.0231467
COSO,35.9823428,-117.808888508,1455.4408549
COTD,33.732485876999995,-116.386886906,27.7803287
COWT,37.909992374,-118.793123203,2206.1830262
COYA,32.701190949,-114.620703657,32.979991600000005
CPBN,35.071734405,-117.57302294200001,835.8274274
CRAM,37.081249393,-116.81840468799999,1480.1647942
CRAT,36.807667145,-116.569253263,972.518864
CRBT,35.791610955,-120.75075391700001,205.4341319
CRCN,36.113986013,-119.568033605,28.6400845
CRFP,34.039051619,-117.099681385,688.8250178999998
CRGG,35.242090988,-119.724823114,1173.058465
CRHS,33.82350388,-118.27276554,-23.5241957
CRPL,38.734383238,-117.503495824,2248.7561778
CRRS,33.069807669,-115.735040743,-81.9061192
CRU1,34.02925951,-119.784810833,702.1826489
CSCI,34.168402666,-119.03898021299999,70.84949820000001
CSDH,33.861475892,-118.256713061,-9.1753697
CSJB,37.318986619,-121.85985241,19.457819600000004
CSN1,34.253549213,-118.523809804,261.4619935
CSST,34.408090123,-119.371249132,162.48851269999997
CTDM,34.516549224,-118.61321012399999,406.0656784
CTMS,34.124100526999996,-116.37042496299999,966.4796678
CUHS,34.942645355,-119.67394493200001,635.2978582000002
CVHS,34.082011105,-117.90171725799999,119.0842972
DAEX,32.224500442,-115.419209595,399.309368
DAM1,34.333994796,-118.397357412,584.1611329
DAM2,34.334834037,-118.396859404,583.3779149000002
DAM3,34.333991873,-118.397469809,580.0081007
DAPK,35.254271674,-120.771509096,388.8417628
DCAN,35.211520283,-120.845086576,243.4378748
DDMN,37.744182566999996,-118.98118963,2265.4169606
DECH,38.051488761,-119.09060218799999,1947.5789170000005
DEEP,37.342553165,-118.04719738,1640.6927022
DELI,37.432660965,-120.774583405,7.806478999999999
DESC,32.829918229,-116.641796737,957.3179304
DETR,35.916929705,-114.48382067700001,537.9079802
DEVL,36.437646651,-116.279682174,751.713257
DHLG,33.389806031,-115.788028077,-83.04395240000002
DIAB,37.87857542,-121.915628095,990.2603489
DIXN,38.468715233000005,-121.82864248799999,-9.1188183
DLNO,35.749996326,-119.24309531899999,63.9063136
DLUZ,33.430587004,-117.307220205,212.6958206
DMAR,32.927694107,-117.21689755,81.1194462
DNF0,37.710214523000005,-113.058088916,1730.2400316
DNNL,38.330745023,-119.92870747,1921.0013434
DOND,37.264254739,-119.690121476,665.7390094
DONO,36.692496749,-119.017976211,1187.9399877
DREW,36.005849013,-119.95836853,44.0404442
DRYC,38.60676007,-117.32996771299999,1953.7844689
DS13,35.247780169,-116.79146556799999,1044.1995758
DSHS,34.023931703,-118.34854133700001,-2.1031245
DSME,33.036476791,-117.24953392100001,56.12622629999999
DSSC,33.733331083,-116.71208928700001,1660.8689445999996
DTPG,35.267463921,-117.845877968,910.254922
DUBP,37.727623752,-121.85513738899999,202.7211005
DUNF,37.313616591999995,-117.30885050299999,1961.4355034
DVAL,38.763552939,-119.770113154,1729.5590569
DVLE,33.700584336,-117.000683916,532.5099883
DVLS,33.69113602,-117.05362503200001,508.6207615
DVLW,33.657694018,-117.06743437799999,528.0755149
DVNE,33.693535951,-116.99371064600001,508.3599158
DVNW,33.67340339,-117.06611611,509.1242666
DVPB,34.413411846,-117.86012519100001,1430.8559557
DVSE,33.680801386,-116.990391422,508.6170454
DVSW,33.667907485,-117.066051179,509.0710648
DYER,37.742803748,-118.039336059,1511.9254165
DYH2,33.938314299,-118.12746035,10.8375196
DYHS,33.937988906,-118.12598333700001,1.4668188999999998
EAGL,36.191603065,-116.366910211,583.9060327999998
EBBS,38.547646118,-119.815924956,2732.1869472
EBMD,37.815006931999996,-122.28380337700001,-16.026259200000002
ECCO,33.886751222,-118.329022965,-19.3447576
ECFS,33.647683863000005,-117.411694052,801.4171326000002
ECHO,37.915533794,-114.264247345,1684.1025903
EDPP,34.946194049,-118.830408029,379.8084973
ELDO,38.60535866,-121.05822933700001,125.6369576
ELGI,37.354575,-114.52189174200001,1189.0002455
ELKG,38.401845515,-121.35335548399999,-8.704350699999999
ELLY,33.583498096,-118.128786711,-2.8780765
ELSC,34.029732498,-118.208429209,61.17949029999999
ELSG,33.64914131,-117.426021783,811.3405475999998
ELTN,34.703117344,-118.425730391,916.48218
ELTS,34.599291119,-118.453762199,887.0904774
EOCG,34.450846811,-119.76977739,42.4727852
EPAS,37.919669419,-117.880704496,1817.1127819000005
ERRG,33.116445511,-115.82273315200001,-92.4060168
ESC1,33.116150909,-117.112176893,181.8774445
ESCN,33.128851059,-117.11826142700001,176.25505269999996
ESE2,33.674794328000004,-116.99385835700001,512.8164694
ESRW,33.681780366999995,-117.066952486,548.6195902000002
EWLK,38.692701561,-118.63808123700001,1327.7826272
EWPP,34.104197821,-117.525584256,330.4913432
FCTF,34.066590571,-118.44214026200001,148.4551706
FGNW,34.050875063,-118.259395612,273.43608900000004
FGSE,34.050712493,-118.259194135,273.4267463
FGST,34.733009153000005,-120.009380765,904.0759493
FGSW,34.050694076999996,-118.259366659,273.4231488
FHFF,34.514654635999996,-118.609700414,334.4642348000001
FHOG,34.093546337,-116.935868855,1588.6752352
FISH,37.567050458000004,-118.006493367,1621.0147421
FLAT,38.304009995,-118.46310852799999,1895.0978519
FMTP,34.409863078,-118.89413999700001,362.8163287
FMVT,34.356335957,-118.884031079,617.000221
FOXG,34.73391179,-118.240500665,688.8146442999998
FPPB,37.313462896,-120.471208566,29.1622209
FRE1,36.81978071,-119.731652487,80.4209639
FRFD,38.223046913000005,-122.13922015200001,-14.3653951
FSHB,32.944988239000004,-115.799939388,134.94957119999998
FVPK,33.662325188000004,-117.935710281,-11.512976
FXHS,34.080603577,-118.359474064,33.3214347
FZHS,34.800192521,-118.89337720299999,1273.7073710999996
GABB,38.970332541,-117.91639103,1550.2812488
GALE,36.219060911,-114.738990386,598.548443
GARD,36.161082263000004,-114.94120285,571.0000956
GDEC,35.189413866,-119.863677794,566.233208
GEMF,37.745032663,-117.29849962200001,1857.5233491
GEOR,38.222320221,-116.68769894,1805.0538789
GHRP,34.203888467,-117.397891955,628.6169911000002
GILL,38.672882743,-118.508507625,2036.120722
GISA,34.069302279,-117.21827331200001,343.4710171
GLRS,33.274812564,-115.521371366,-48.6562139
GMAG,34.291434336,-116.382566914,866.738151
GMPK,33.051085163,-114.827345274,591.1815027000001
GMRC,34.783997625,-115.660229171,1298.1842789999996
GNPS,34.308556375,-114.189449882,232.3615101
GOAT,36.526663346999996,-114.067840797,1453.1786548
GOL2,35.425155855,-116.889250464,986.6916711
GOLD,35.425155865,-116.889250525,986.6891837000003
GR8R,36.399015135999996,-120.415730888,206.025557
GR8V,36.399008357,-120.415772055,204.2955613
GRDV,38.912483017,-119.692182621,1496.4681647
GRES,33.277590062,-115.52394617,-45.2737973
GRN5,36.340450399999995,-121.25525337200001,50.5912131
GUNL,37.290284600999996,-113.80195989299999,1211.2134993
GVG2,38.811562076,-118.059883105,1367.5054910999995
GVG3,38.867675231999996,-118.229406877,1279.1327000999995
GVG4,38.88120418,-118.39523153100001,1321.1304182
GVG5,38.97577383,-118.256500674,1284.9284025
GVG6,38.945233468000005,-118.167656943,1286.6896314
GVG7,38.817175686,-117.92744414,1514.2451493
GVRS,34.047446957,-118.112894493,154.51749850000004
HAND,38.973823599,-118.34826527700001,1350.0954862
HANN,38.097769173,-116.898140275,1902.3339439
HAPY,36.064149401,-117.20470163600001,400.1904992
HAR7,35.011540255999996,-117.29921294200001,590.3704567999998
HARQ,33.347153851,-113.26936394799999,405.1687981
HARV,34.469401088000005,-120.682066365,14.9174729
HBCO,33.783644577,-118.285791815,-26.8823347
HCMN,34.754773836999995,-116.430074981,568.743607
HELB,36.678842062,-119.02296612299999,1105.3393938
HELL,36.723646851999995,-116.97920218899999,660.0133768999998
HFVV,34.510482433,-117.32590429700001,881.9849887
HIDD,38.840962394,-118.53121308,1535.4869642
HIGH,36.283108125,-116.15282356700001,886.0199332999997
HIKO,37.696811847,-115.17746784,1266.8973787999996
HIMT,35.271294,-120.46181555,771.4954739
HIVI,34.759919703,-117.799453627,930.8500267
HMTG,33.708096599,-117.001503454,577.0266864
HMWD,35.883833742,-117.415117105,1208.3640448
HNA1,33.650327546999996,-117.71630912399999,78.0392651
HNPS,33.705006116,-115.635334856,393.9524589
HNTS,38.503069116999995,-116.83867100799999,2082.4050191
HOGS,35.866714781,-120.47949636799999,762.8356301
HOL3,34.458155068,-117.845126867,1239.4082885
HOLC,34.458185505,-117.845158576,1238.2297126
HOLP,33.924539761,-118.168170719,-6.7202072
HOME,35.047804841,-114.901309833,685.6791755
HOOT,33.105138744,-116.78536316700001,617.2299644
HOTK,37.658588136,-118.82125041,2143.1813382
HSIB,37.592137575,-122.36941526,-23.9725058
HSIS,38.537248106999996,-121.407656121,-11.2813418
HUAL,35.739162642,-114.018866748,945.6626087
HUNT,35.880811353,-120.402382235,449.33844060000007
HURR,37.063871833,-113.574730898,924.4750586
HVYS,34.441230704,-119.18754057,373.950708
HW56,37.67132892,-113.513498253,1653.5321163
HW62,34.064957945,-114.844703241,220.7771793
HW95,37.193406914,-116.945249976,1227.7282872
I40A,34.727324858,-115.911448673,765.2961753
IAGX,29.026559989000006,-113.171878021,152.430774
IBEX,35.848383485999996,-116.367835051,700.9727667000002
ICKY,38.881668256,-117.737307615,1960.5014727
ICOR,37.466332361,-117.298289401,1555.3957667000002
IDOG,33.796797581999996,-116.22151366799999,434.9720033
IDQG,33.767973026,-116.238984035,-1.3314737
IID2,32.706169081999995,-115.031802934,9.7915486
IMIE,31.861860689,-116.61633789999999,-22.2252759
IMPS,34.157563376,-115.145099837,563.2269544
INDE,36.797599359,-118.24688620100001,1390.0172268
INDI,38.650062116,-118.303859819,1915.1571164
INKH,38.735900834,-117.01701074799999,2119.7237448
IRVI,33.69465143,-117.82162575299999,-14.8258994
ISLK,35.662270734,-118.47430058399999,823.3697967
IVAN,35.727124838,-115.41048874,942.2192353
IVCO,32.829382001999996,-115.506789539,-53.4247093
JACK,38.113983148,-118.406288325,1724.2293917999998
JAS1,32.827921391,-116.988085737,97.5344192
JEAN,35.851031426999995,-115.177894445,920.2402707
JLN5,35.873174876,-120.83290341799999,141.0155813
JNHG,34.44906407,-117.95543954700001,1276.1492896
JNPR,37.771743817,-119.084736151,2309.1401943000005
JOHN,36.458814725,-116.09904067,871.710927
JONE,37.152235671999996,-114.20182963,1124.9918027
JPL3,34.201582785999996,-118.174301195,372.7047899
JPL4,34.201582781999996,-118.17430117,372.7087638
JPLF,34.201791116,-118.177846926,360.2191173
JPLM,34.204820075,-118.17322665299999,424.0005145
JPLQ,34.201791096,-118.177846685,360.1984496
JPLT,34.201791092,-118.177846679,360.1990105
JPLV,34.201581997,-118.174298542,372.6803489
JRSC,37.406248063,-122.227397896,144.2614552
KAYO,35.195262286,-113.46092364100001,1424.7849017
KBRC,34.398527524,-119.00819747700001,370.4854393
KDMM,33.635550511,-117.714307679,75.9345436
KEMP,35.611518978,-114.464744189,899.6682139000002
KENN,36.035668405,-118.201340156,2208.2146637
KGMN,35.231050683,-114.00235198899999,1015.6299481
KING,35.197360591,-114.0414778,1129.4999561
KINS,38.960585623,-119.85132423200001,1738.6458128
KMOC,32.825009218000005,-117.162200938,91.3055875
KNOL,37.659117753000004,-118.97917325,2651.7735188
KRAC,37.713310396,-118.88047212200001,2377.7092821999995
KYVW,33.925369311,-116.173394659,1498.2160906
LAN4,34.672378891,-118.12753116299999,718.3600131000002
LAND,35.899790133,-120.47328299,568.5550425
LANT,38.51471864,-119.488910016,1801.5480064
LAPC,34.181921695999996,-118.574650269,207.8132566
LASC,33.927941804,-118.306504796,24.6743482
LAVA,37.02947997,-118.18073904299999,1459.0001549
LAWS,37.393100788000005,-118.292279725,1580.7107589000002
LBC1,33.83206974,-118.137183186,-21.9642485
LBC2,33.791609334,-118.17324272,-28.4673469
LBCH,33.787767848,-118.203337553,-27.5174978
LBNO,32.881212473000005,-117.23754672,115.14740729999998
LBRF,32.886120651999995,-117.230296932,56.451184
LBSE,32.881122453,-117.23750950600001,115.1411617
LBSW,32.881121492,-117.23764904299999,115.1433348
LDES,34.267339428,-116.432802453,978.0727834
LDSW,34.699426768,-116.209142025,640.9283732000001
LEBC,34.825178438,-118.871943954,1091.0800215999998
LEEP,34.134599854,-118.321751165,485.0514242
LEIC,37.77518177,-121.96870441899999,120.84402040000002
LEMA,36.292024378,-119.78238636399999,34.97106220000001
LEVV,34.516279549000004,-117.33189109899999,874.6020261
LEWY,34.258571345,-119.240995654,-4.7147596
LFRS,34.095070173,-118.412825031,146.8936331
LGBH,33.787155231,-118.212801329,-29.2085748
LGWD,33.64059559,-117.76445012,88.6959825
LICE,36.856627978,-116.401267665,1108.2002219
LINC,37.637192661,-119.01728699200001,3056.9400136
LIND,36.359956822,-119.057904774,144.26750149999995
LINJ,34.662021114,-118.139197941,721.3796563
LITT,36.745873091,-116.30823856399999,1056.4789313
LIVM,37.702958113,-121.70207028600001,159.35203169999997
LJRN,34.807523061,-118.86773890299999,1422.4853274
LKHG,33.23600609,-116.75876587200001,823.2935974999998
LL01,34.485457303000004,-117.83495327899999,1005.3240967
LLAS,34.585974653,-117.837929675,812.4803573
LMHG,33.744200368,-117.391284826,464.5271693
LMSG,33.817399691999995,-117.445072272,413.0937444
LNC1,38.846511281,-121.350234929,5.920559
LNC2,38.846508274,-121.350548885,5.8694323
LNMT,35.090201811,-116.939652115,1345.2877256
LODI,38.135839574,-121.277341705,-10.1984419
LOMP,34.690921501,-120.446582115,63.5786906
LONG,34.111899214,-118.003408098,74.24500959999997
LONP,36.552637262,-118.11543140799999,1489.2218527
LOOM,38.834584276,-121.186225417,112.0419921
LORS,34.133326091,-117.75406698299999,448.8798595
LOWS,35.828708779,-120.594283562,428.6660113
LPCG,34.31486355,-117.546363841,1315.2909556
LPHS,34.026768015,-117.956716196,68.5093767
LRA1,37.874560234,-122.243892325,181.5148697
LRA2,37.874955262,-122.24376248799999,190.8834943
LRA3,37.87540372,-122.24366662700001,201.7153402
LRA4,37.87618093,-122.240674461,227.8561271
LRA5,37.878006293,-122.240134501,257.73522290000005
LRA6,37.913241901,-122.28589626700001,122.9350733
LRRG,34.527059419000004,-118.029989685,874.9953508
LUCK,38.423569347,-118.768872253,2448.5280903000007
LUDW,38.987728433,-119.284633823,1526.9122654
LUND,38.007930615999996,-113.47518482,1599.0842705
LUTZ,37.286850158,-121.865222186,95.102178
LVMS,34.733604815,-119.10368273200001,1543.0810920999998
LVWD,36.159456156,-115.19134592200001,631.707999
MALP,34.389778175,-113.122475618,649.915687
MAN3,37.787484179,-121.19469825700001,-12.0081643
MANH,38.503140574,-117.180701648,1903.3217448
MARK,38.676870527,-119.800583658,1827.1915795
MASV,38.893103739000004,-119.12739089700001,1391.3027931
MASW,35.83259655,-120.44305857799999,713.7441989
MAT2,33.856760357,-117.436698285,398.3156784
MATH,33.856685023000004,-117.436812851,396.9154505
MCCM,38.144786481,-122.88018932799999,-3.7514728
MEAD,36.085528935999996,-114.082892863,573.3590515999998
MEE1,36.186903465,-120.758601932,788.8137588999998
MEE2,36.180523621999995,-120.766845678,681.4663864
MERC,36.632512119,-115.979015784,1256.8770523
MESQ,35.693904093,-115.703746936,1114.9651982
MEXI,32.632991501999996,-115.475703424,-22.3385554
MHCB,37.341532474,-121.642578326,1261.7648889
MHDL,37.842321946,-122.49433335200001,65.88930690000001
MHMS,33.939054747,-118.24413219600001,-2.4610051
MICH,38.52179902,-118.911474186,1721.2206258
MIDA,35.921911989,-120.45882946799999,570.697585
MIG1,34.038258512,-120.35139083899999,130.9241855
MILF,38.306853578,-113.15533766899999,1659.282961
MILK,34.136832149,-118.12625782,243.2853109
MILP,37.449040744,-121.834081967,336.26763210000007
MILR,38.119891814,-117.44186394799999,1487.2605739
MINA,38.419615316999995,-118.15513555700001,1497.951948
MINN,37.95401705,-121.722400159,-3.5247508
MINS,37.653763536999996,-119.060899235,2776.9269438
MISE,37.686536103,-114.244968806,1805.008642
MJPK,33.71448043,-117.550467769,1528.0110645
MLFP,33.918402285,-117.31795485200001,472.96902350000005
MNMC,35.969471154000004,-120.434051688,1061.9122212000002
MNRC,38.878727044,-122.44280125899999,707.8062485
MOD1,37.638240206999996,-120.99282091299999,-1.1303701000000002
MOHO,38.24620474,-118.245138645,1965.3602148
MOLA,37.946574403,-122.41992204600001,-20.2885144
MON6,36.572226281999995,-121.806425782,36.6484714
MONB,37.485325691999996,-121.86686521700001,750.3624751
MONO,37.897839499,-119.12035274799999,2154.1490784
MONP,32.891938957,-116.42234661799999,1842.5611015
MONT,38.077769937,-117.70843905,1639.322285
MPWD,34.295511147,-118.878016051,190.2350417
MRCD,37.305500226,-120.48583699299999,31.3768346
MRDM,34.175228552,-117.881684618,328.0400637
MRPK,34.286144854,-118.8692561,139.69389099999998
MSC1,34.038501472,-116.647959324,913.054146
MSHP,37.556323088,-121.924892141,172.2014388
MSOB,34.230843624,-117.210122627,1733.1448732
MTA1,34.055218051,-118.245498776,72.61141040000003
MTGG,33.199163499,-116.64722779,1066.7198556
MTVW,37.416684687,-122.09970457700001,-24.1285194
MTWK,37.778005445,-121.184543123,-13.9617907
MUDD,36.393616453,-114.69361624,803.4140612000001
MULN,36.565084565,-120.091610054,25.7942705
MUSB,37.169940963,-119.309350348,2042.5215302
MUSD,34.261602499,-119.09604711200001,33.7848964
MVFD,33.210871345,-116.52530993299999,1190.0879263
MWTP,37.640519214,-118.94472991200001,2317.3799784000007
MXS1,32.643534474,-115.473939227,-33.0873031
NAYX,32.324282491999995,-115.29551389299999,-23.855513100000003
NBPS,34.508622739,-116.148171296,1098.7664123
NDAP,34.767688064,-114.618629416,241.3674639
NELS,35.714027354,-114.795877206,668.8695693
NEVA,36.850351201,-116.310293791,1290.1356182
NHRG,34.498657297,-119.141258937,1648.7410092
NIPO,35.090842078,-120.53829536,56.10016450000001
NOCO,33.919707893,-117.569578011,186.789064
NOPE,35.969451123,-115.98503915399999,844.2045868999999
NOPK,33.979736351,-118.34801240899999,33.1087276
NORA,38.315343815,-119.743708766,2093.7787094
NORD,38.885961746,-119.32024359399999,1477.0303443
NSSS,32.579313714,-116.972678858,123.6107712
NUNE,37.96312059,-122.24629554,96.8810911
NVAG,36.448494652,-116.463697232,665.3584232999998
NVAL,37.369936854,-115.158972589,1040.3200651
NVB1,35.972798909,-114.853697041,739.6724362000001
NVBC,35.972829121,-114.85359252200001,739.5285068
NVBM,35.969815299000004,-115.15751376799999,712.5049914
NVC1,36.799334032,-114.925009325,685.0753111
NVCA,36.219780262,-115.172056456,645.4180245
NVCO,36.795408554,-114.892030456,643.5080026
NVDB,36.077268501,-115.287637414,759.5465712
NVFW,36.111798692,-115.020732618,510.39806610000005
NVGL,36.673439245,-114.522837361,524.2089697
NVH1,36.030011626,-114.982745041,598.4062027000001
NVH2,35.97690466,-115.100446525,770.6896916000002
NVIS,36.577713986999996,-115.64631941100001,933.7250127
NVKP,36.389723025,-114.92665628,666.9788171
NVL1,36.096957109,-115.19029888,648.9034502999998
NVLA,35.170626028,-114.57978969700001,162.1069883
NVLM,36.069659058,-114.813206171,362.0540414
NVLV,36.083514482,-115.184911441,654.4832528
NVLX,32.393532969,-115.183236499,-21.468147100000003
NVM1,36.809536132,-114.090731839,487.3712385
NVMQ,36.802972654,-114.07047165600001,468.0372515
NVMV,36.532885346,-114.411081186,379.464262
NVNL,36.212248589,-115.126182535,559.7212077
NVOV,36.541585904,-114.448292546,371.9224714
NVPI,37.937045094,-114.45087530299999,1793.4499967999998
NVPO,35.956278075,-115.495605149,2491.6999969
NVRM,36.024598989,-114.921721044,674.614359
NVSL,35.465909039,-114.921450139,1052.9900142
NVSN,36.085599643,-115.198536305,666.9174442000002
NVSV,38.916808184000004,-114.402682096,1775.7899928
NVTP,36.099174296,-115.32903687,845.1570205
NVWS,36.724999221,-114.71550417,513.7899997999998
NYOR,35.491063720999996,-115.159132855,1358.0871780999996
OAES,34.141005345,-116.067735461,604.7972441000002
OASI,37.036686522,-116.790815049,1236.2372304
OAT2,34.329890689,-118.60137622399999,1112.5863279
OBRC,32.74496115,-117.24545886,-12.5674205
OCSD,33.240666911,-117.346734866,42.8947588
OEOC,33.765858157,-117.74413518,358.6136394
OGHS,33.130606062,-117.04176492,185.2251435
OHLN,38.006252845,-122.272988929,-0.5498420999999999
OLNC,36.21011908,-117.904495502,1356.2636936
OMRE,32.560271203,-116.953525876,121.3920003
OPBL,34.369882343,-115.918057081,1226.5425008
OPCL,34.427716387,-116.305456994,1312.9111943
OPCP,34.367129338000005,-116.083372142,1096.6645086
OPCX,34.430082414,-116.14948357700001,1133.8214678
OPRD,34.533031778,-116.292277868,1400.2074119
ORC3,34.850388531,-120.480549466,210.7788029
ORC4,34.849104505,-120.47551830299999,258.8499043
ORC5,34.802074241999996,-120.44307211600001,103.6073762
ORCU,34.850434899999996,-120.48073158,212.409919
ORE2,37.459844091,-121.751946143,601.6428871
ORE3,37.461525091999995,-121.750813772,662.08535
OREO,37.460671339,-121.751239952,640.350138
ORES,34.739059641,-120.27855812899999,143.8175257
ORMT,34.674903922,-116.815091682,1893.311812
OTAY,32.607992448000005,-116.93218751399999,132.5817029
OTHQ,32.723825738,-116.96756388799999,121.1983173
OVLS,34.327359365,-119.141946657,69.2119412
OWEN,36.742551334,-118.054957389,1160.8366365
OXMT,37.499362676,-122.424315781,209.0830225
OXYC,34.128810985,-118.207311511,209.835825
OZST,34.683370946,-119.35340693299999,1059.1755879
P003,32.722544475,-114.004951797,50.9934953
P006,36.154187734000004,-114.45691201,365.2157518
P010,34.667262358,-113.73134262200001,1399.0556199
P056,36.027437335,-119.062869562,101.9221668
P066,32.61652372,-116.169785106,822.889778
P067,35.551751089,-121.00295853,107.0082307
P091,36.614324337,-117.53154109299999,1966.8612698
P092,36.804194468,-117.406801915,2157.0778767
P093,36.606025102,-117.99414433,1339.0654527000004
P094,37.200836013,-117.70419390100001,1729.2183351
P132,38.72884392,-118.004868442,1549.6934540999996
P133,38.724602226,-118.460212125,1781.8216727
P134,38.980875677,-118.93041292,1885.9872103
P135,38.704621694000004,-119.01537095200001,1692.1375405
P136,38.761367057,-119.458525986,1773.2633284
P140,38.8292348,-120.693193904,1079.2324024
P143,38.760166661,-119.76483602299999,1733.5715411
P171,36.485523541,-121.792517836,572.7392747
P172,36.228073895,-121.76724443799999,312.6157454
P173,35.945716175,-121.290333726,339.2292205
P174,36.302150854000004,-121.05089818399999,342.1100473
P175,36.425901851,-121.13485661600001,451.3752445
P176,37.471772003000005,-122.357139425,433.8250101
P177,37.528167016,-122.495051698,71.7769691
P178,37.534518446999996,-122.332363516,129.0541936
P180,36.292831545,-121.40323783299999,693.1742585
P181,37.914544434,-122.376754623,72.2076146
P193,38.122935994,-122.90814076,66.5980256
P194,38.185715566999995,-122.81625703799999,235.147023
P195,38.664664763000005,-122.959307604,146.8197667
P196,38.29814308,-122.742641194,90.5293083
P197,38.428560421,-122.76738536299999,0.0333167
P198,38.259873707,-122.60744922299999,-4.6034767
P199,38.263691405,-122.503437698,55.6771694
P200,38.239830874,-122.45170161700001,-25.0820668
P201,38.559805575,-122.65843433799999,349.3545362
P202,38.423580304,-122.49599989299999,584.0992346
P203,38.866112191999996,-122.91700454299999,926.6858232
P204,38.666499318,-122.710533419,276.6624234
P206,38.777816754,-122.57579321799999,283.60675160000005
P209,37.069253883,-122.12671423399999,577.1413896
P210,36.816136862,-121.731841305,3.0394973
P211,36.879175205,-121.698037157,60.5310409
P212,36.962009748,-121.862732888,36.5647444
P213,37.201712056999995,-121.990836095,167.1041852
P214,37.001019456,-121.796568335,73.23436
P215,37.04878446,-121.76294923299999,708.6144916000002
P216,37.002425261,-121.72620678700001,336.9110464
P217,37.104496792,-121.650631965,72.2831735
P218,37.203514105,-121.713959585,82.69993290000002
P219,37.342489455999996,-122.28482080100001,300.866893
P220,37.329886632,-122.21428364399999,705.2600137000002
P221,37.336951513,-122.099048994,155.2954701
P222,37.539239242,-122.08326351299999,53.50858760000001
P223,37.722053657,-122.099778896,139.95194019999997
P224,37.863895981,-122.219059524,407.3519512
P225,37.71386538,-122.058327189,117.1928308
P226,37.336775199,-121.825584941,5.0583303
P227,37.532974376,-121.78959712700001,707.417558
P228,37.601835784,-121.68693619999999,399.0243896
P229,37.749434814000004,-121.977955501,289.3329108
P230,37.818964328,-121.78639920299999,648.016179
P231,36.621675894,-121.905409169,-26.3508875
P232,36.724019192,-121.579040696,105.3437903
P233,36.800425553000004,-121.42028347600001,196.8211865
P234,36.858525351,-121.591224884,92.5751403
P235,36.814271282,-121.541540267,361.6919857
P236,36.903544455,-121.554460033,56.14300920000001
P237,36.637022789,-121.386829085,711.5493309999998
P238,36.849079103,-121.45276787,44.8974694
P239,36.96246172,-121.54778687299999,18.5023205
P240,37.007806292,-121.542032541,25.7356629
P241,37.213010789,-121.574259524,834.2219190000002
P242,36.953931116,-121.46318200799999,14.7825549
P243,36.918188749,-121.335152167,220.7493893
P244,37.010823461,-121.35451692299999,58.6941848
P245,37.71311608,-119.706121504,1579.822137
P247,36.559517038,-121.188431952,569.0717007000002
P248,37.975608281999996,-121.868697293,229.8163987
P249,36.611644958,-121.06441105100001,1155.7145725
P250,36.950035135,-121.26843766299999,584.6606591
P251,36.811449356,-121.34794970200001,128.2105223
P252,37.16955548,-121.05772890600001,40.1538969
P253,37.478449643000005,-121.653009495,1065.0363537
P254,37.489632298000004,-121.469195325,1076.1787202
P255,37.581884925,-121.324852671,73.51191170000001
P256,37.931964139,-121.604839211,-30.6833613
P257,37.755290527,-121.46403475700001,-24.6978206
P258,37.385388998,-121.283271735,390.7911574
P259,37.43301983,-121.100579521,3.88423
P260,37.711220965,-121.08395183399999,-9.0020515
P261,38.152959973,-122.217539108,118.1745648
P262,38.025148181999995,-122.09614364299999,-8.589352400000001
P263,38.577693956,-122.42917600700001,554.3943336
P264,38.44421464,-122.195329302,231.0585088
P265,38.530185347,-121.954194375,8.0816964
P266,38.183967986,-121.843526326,22.4485802
P267,38.380335316,-121.823233966,-17.459488500000006
P268,38.47352613,-121.64641077899999,-23.9057165
P269,38.999525072,-122.354553724,298.2151393000001
P271,38.657350446,-121.71454901,-18.1796499
P273,38.115812143,-121.388077513,-26.3584669
P274,38.283123158,-121.46051196399999,-27.772077600000006
P275,38.321528829,-121.21458592100001,-5.2211019
P276,38.645307614000004,-121.095164764,207.2854384
P277,37.192371666999996,-122.36688264200001,115.293043
P278,35.711250804,-121.06075250299999,465.8808774
P279,35.790646672,-121.06201552700001,469.9155007
P280,35.544053577,-120.34760486200001,476.4292023
P281,35.841057584,-120.389458456,383.847016
P282,35.837808244,-120.345212946,394.6875183
P283,35.806668825,-120.285255013,434.1869205
P284,35.933259266,-120.906842743,512.2325678000002
P285,36.4171792,-120.981481094,805.7298979
P286,36.515908582,-120.853055898,538.8291097
P287,36.024833967,-120.69782981700001,609.7487722999998
P288,36.140206147,-120.87890065100001,397.6991019
P289,36.106841134,-120.748815104,540.6498346
P290,36.17893899,-120.728252113,987.7467451
P291,35.92277656,-120.644770217,661.3553006
P292,36.007463708,-120.475275793,1018.6121839
P293,36.08936392,-120.54299303399999,538.8400047
P294,36.123236051999996,-120.439881938,509.3999297
P295,35.69707607,-120.84238133,583.5037909
P296,36.051654672,-120.363561108,265.3101338
P297,35.974085337,-120.551857214,629.3010922999998
P298,36.015841913,-120.29405873700001,323.2181803000001
P299,36.256819023,-120.71019776600001,809.3713399000002
P300,36.30442714,-120.27697981,137.2993034
P301,36.806291136,-120.743052276,89.2342785
P302,36.634727303000005,-120.618574798,122.6769697
P303,37.054383138,-120.705295436,-1.7512294999999998
P304,36.739004245,-120.356598077,17.2310163
P305,37.352213971,-120.19675839899999,96.0625623
P306,37.795166924,-120.64445808299999,82.5208344
P307,36.947269998,-120.057919017,49.5074205
P308,37.9011506,-119.84019876,1501.8630947
P309,38.089990152,-120.95123712700001,41.4236337
P310,38.735606978,-120.33433682799999,1791.3279225
P311,37.177562826,-118.519801354,3698.634686
P462,36.07131655,-116.62870807600001,1334.4129325
P463,36.022465441,-117.164672775,1326.9937526
P464,36.159045825999996,-117.410000169,911.5462662
P465,36.466833829,-118.132433011,2901.5520316
P466,36.531249310999996,-117.789460658,2754.5804617
P467,36.570201838,-118.090622834,1380.1250355999996
P468,36.97568223,-118.11836252200001,2853.3031166
P469,37.231424937,-117.935809589,1794.8220639000006
P470,34.462404287,-117.39388816700001,991.3963178
P471,33.562124353,-117.54086470000001,174.7573257
P472,32.889208111,-117.104693125,137.8687466
P473,32.733774982,-116.949513296,188.589484
P474,33.35519184,-117.248690059,182.9265936
P475,32.666395027,-117.24393404799999,-25.0371329
P476,33.439648484,-117.18967557399999,309.8130372
P477,33.502800366,-117.113370788,334.5189448000001
P478,33.235713925,-117.07158863,371.6003123
P479,33.493317075,-116.78292891,1093.8431554
P480,32.975994818000004,-116.348533491,436.04018489999993
P481,32.82223878,-116.010790185,610.8749439
P482,33.240178243,-116.671410634,878.7297612
P483,33.059162852,-116.56932338899999,1375.5712525
P484,33.375591836,-116.620836738,1382.4748737
P485,33.210210998,-116.40903767399999,372.1618769
P486,33.260190578,-116.322284345,126.30392009999998
P487,33.213530961,-116.183071702,90.2254282
P488,33.201015242,-116.07880892899999,61.6992192
P489,33.296212664,-116.111607546,290.3003358
P490,33.523461855,-116.42590382,2622.4353851
P491,33.574678599,-116.22682369700001,4.2366093000000005
P492,32.887047579000004,-115.969449466,68.8044628
P493,32.954702605,-115.824890051,197.4708929
P494,32.759654812,-115.73206505,-44.2933064
P495,33.044960543,-115.62839220299999,-84.0006463
P496,32.750626184,-115.595952199,-40.14819979999999
P497,32.834735022,-115.577030281,-51.0577664
P498,32.898430674000004,-115.56956481899999,-58.0495769
P499,32.979607247,-115.487912265,-74.199208
P500,32.690047209,-115.29993174,-20.5951672
P501,32.875756984,-115.397911976,-55.6672907
P502,32.982451952,-115.421911182,-66.0590287
P503,32.948915071,-115.720180795,6.0895215999999985
P504,33.516410521,-115.765846471,84.0093261
P505,33.42387385,-115.68699907700001,-57.7824319
P506,33.081431142,-115.51019709999998,-83.40069090000001
P507,33.199976963000005,-115.61240420799999,-78.3752655
P508,33.247780838000004,-115.428704577,10.6688373
P509,32.89066359,-115.293917028,-29.613342600000006
P510,33.143574854,-115.343331975,1.5046684
P511,33.886935245,-115.296100446,273.3592117
P512,37.562635003000004,-119.69444688,1344.6266795999998
P513,34.907261818,-120.65017154700001,284.5781225
P514,35.010713733,-120.409748186,140.9156383
P515,34.870553446,-120.239849759,290.6177086
P516,35.106200113,-120.383390781,262.96915640000003
P517,34.376365804,-118.177572425,1959.2973394
P518,35.020032766,-120.075306377,1101.7770376
P519,34.507810698,-119.792436399,810.901907
P520,34.63048323,-119.616404694,1250.8583227
P521,34.888566915,-119.81535492,1709.0623204999995
P522,35.086611206,-119.53606216899999,991.0745785
P523,35.304448783000005,-120.860271795,41.363199
P524,35.166084853,-120.59089558299999,124.3130518
P525,35.425766542,-120.808140397,271.3652442
P526,35.63597353,-120.86973536,416.8459266
P527,35.754143345,-120.604753316,347.9542370000001
P528,35.327810381999996,-120.545447486,367.36141210000005
P529,35.440450739,-120.35382710100001,437.3056739
P530,35.624800213,-120.480432744,388.3673206
P531,35.792689439,-120.536599286,440.1153312
P532,35.633810595,-120.26702505200001,533.2415959
P533,35.747929395999996,-120.37095252799999,603.1846067
P534,37.061230598,-122.237609711,204.25664630000003
P535,35.235126698,-120.101420696,571.5343881
P536,35.27976714,-120.025019357,665.3544698
P537,35.316795474,-119.93533991299999,581.8011881
P538,35.534173069,-120.11249870700001,641.1586597999999
P539,35.702673057,-120.18204917799999,601.0913739
P540,35.801279085,-120.130635774,393.6575913
P541,35.686731255,-120.00067756,209.19297340000003
P542,35.68890958,-120.29259935200001,587.955738
P543,35.318992077,-119.71322069899999,544.0174276
P544,35.731267632,-119.73803403,33.6474273
P545,35.499841903000004,-119.535807084,50.7506406
P546,35.92790363,-120.154883805,635.2652973999999
P547,35.934703311999996,-119.90936015,45.8819051
P548,34.466805981,-119.503943945,1134.8294307
P549,34.599599530999996,-119.326338007,1250.274916
P550,34.66008281,-119.114618921,1526.1055063
P551,34.856198409,-119.15456923200001,1550.2870785
P552,35.686724931,-120.24496007200001,581.6436937000002
P553,34.83509363,-118.87896687899999,1335.8446130999996
P554,34.792296654,-118.848027587,1170.1359953
P555,34.694990147,-118.66942264,1095.9714090999996
P556,34.77110822,-118.545452776,852.627086
P557,34.944384588,-118.655586183,1818.2111408
P558,35.138605126,-118.611654036,1411.4481285999998
P559,34.838909465,-118.617597511,927.6957068
P560,34.821810636,-118.54086624799999,838.3255058
P561,34.618458796,-118.39905407,974.3829587
P562,34.982132742,-118.188743547,1241.0720461
P563,35.418669060999996,-119.42116507899999,56.6581792
P564,35.622911044,-119.349389551,61.0949066
P565,35.743893495,-119.23665194799999,63.1072673
P566,36.324454431,-119.229286385,78.226608
P567,35.420946262,-118.753576109,706.3340118
P568,35.254306905,-118.126512103,1301.2209755
P569,35.377968389,-118.123766616,1275.7164974000002
P570,35.667348056,-118.260037898,810.8573855000002
P571,36.231365559000004,-118.76671480799999,914.1917263
P572,36.585515878,-118.95459549799999,1167.2898509
P573,36.093094255,-118.260498413,2441.3659315
P574,34.286769111999995,-117.63388494799999,2873.7748516
P575,34.21551225,-117.542160666,1928.3873868
P576,35.669661027,-120.96999725799999,324.4423334
P577,34.304604675,-117.31891244100001,999.5481667
P578,35.694330504,-120.23903035,536.2472157999998
P579,35.038762009,-118.005764444,834.2307091
P580,35.620947368,-117.192227018,1669.6337778
P581,34.509738606,-117.72900102,972.7833896
P582,34.634258331,-117.54885950299999,848.0201940999998
P583,34.987003566999995,-117.543392453,730.7534222999999
P584,33.89260257,-116.951640493,738.7378480000001
P585,34.019347623,-116.545745987,958.1427135
P586,34.534843321,-117.280520377,809.3832106000001
P587,34.332232921,-118.031336834,1600.7450273
P588,34.78543724,-117.26759898600001,709.7948596
P589,34.62066681,-117.11018910700001,1148.1027740999998
P590,35.116776944,-117.364750196,678.5300874
P591,35.152424423,-118.01647415299999,708.8386686000001
P592,35.238551426,-117.303229001,1049.3178574
P593,35.387869771999995,-117.205059226,1375.7717047
P594,35.896711149,-117.390132296,937.4524776
P595,35.697559578,-117.402835168,644.4370144
P596,35.998177529,-116.889522363,430.5082197
P597,35.710599589,-116.888396326,1194.1803584000004
P598,34.192461511,-116.710266872,2746.458019
P599,34.217170523,-116.537463824,1323.8458356
P600,33.865846135,-116.211875621,792.0763847999998
P601,33.959296621,-116.08022764399999,1242.6406006
P602,35.729164267,-120.227892508,648.1883783
P603,34.716906283,-116.02950320299999,624.7073692000001
P604,34.936827893,-116.671453626,588.403818
P605,34.341127117,-117.936665264,2419.7072415
P606,34.462063849,-116.879623569,863.354946
P607,33.741039815,-115.820652344,958.7282787
P608,33.994083796999995,-115.68660309,632.3050512
P609,34.062686178,-116.89281716,2721.2219028
P610,34.425747203,-115.763724741,343.8552347
P611,35.204773822,-115.64981119,1333.0362781
P612,34.187381683000005,-117.315516605,531.7064333999998
P613,34.196189227,-117.049962002,2355.1364672
P614,34.73179411,-115.250262255,490.99331780000006
P615,35.204608846999996,-116.762909044,995.1570652
P616,35.424563464,-117.893332239,1071.1902172
P617,35.320642968,-116.57164446200001,887.7002148
P618,35.141889712,-116.10393170100001,263.387459
P619,35.525948118,-116.12180292,388.9209604
P620,35.785364363,-116.144920034,668.7197972
P621,35.472760597,-115.54394974200001,1420.5094852
P622,35.162991748,-115.365864205,1524.4805573
P623,34.188933828,-114.59940448399999,267.7756046
P625,34.844443616999996,-114.96514338,606.7793582
P626,35.291119322,-115.238276952,1442.7794695
P627,37.973101129,-118.37852436600001,2342.1549428000008
P628,37.93423017,-119.24935205700001,2924.399240800001
P629,37.375866418,-119.179372468,2725.6619347
P630,37.613036277,-119.000441055,2740.5872237
P631,37.605325013000005,-118.91593910200001,2659.7680458
P632,37.785664628,-119.086073741,2389.7899996
P633,37.913459982,-119.03298692700001,2293.0124504
P634,37.696591933,-119.02577930000001,2467.4186926
P635,37.839313504,-119.137989371,2484.1899107
P636,37.962771126999996,-119.146705844,2739.0399124
P637,37.914105489,-119.083697655,2031.6414399
P638,37.734317238,-118.943477928,2491.8686799
P639,37.654562393,-118.86870829200001,2339.2420449
P640,37.891738245,-118.96040691399999,2200.9074666
P641,37.878189002,-118.85191942200001,2527.1678167
P642,37.591366828000005,-118.81666968100001,2667.3679443000005
P643,37.561552846,-118.698161488,2121.9771507
P644,37.495392084,-118.684402354,3458.6163293000004
P645,37.541271494,-118.59345503700001,2007.6999474
P646,37.677034501,-118.81998735,2101.9523021
P647,37.754361425999996,-118.767705834,2235.5088206
P648,37.800015536,-119.01921152799999,2572.3729244
P649,37.903456319,-118.73622914299999,2153.9459061
P650,37.891276522,-118.554900191,2298.1816272
P651,37.56310944,-118.386982315,1316.7157399
P652,37.589157975999996,-118.23845136799999,3865.289349
P653,37.737499721,-118.47165975200001,1826.2956355
P654,38.057934577,-119.15018899100001,2053.4531252
P723,37.380426041999996,-118.72477609799999,3197.7800995
P724,37.439476994,-118.561068872,1371.6137997
P725,37.088895001,-119.74560568700001,330.9365841
P726,37.280528988,-118.14669587799999,2202.1101492
P727,37.273578687,-118.46677241,2677.1993118
P729,34.263080154,-119.096058074,36.1457779
P740,33.598194113000005,-116.595974392,1372.0649184
P741,33.557472764,-116.53102004,1371.2676423
P742,33.495542153,-116.60257169100001,1142.6611428
P744,32.829382319000004,-115.508404862,-52.80169720000001
P781,37.698981796999995,-121.071557311,-9.7499919
P782,35.693818908000004,-120.21619069799999,537.9939817000002
P787,36.79947538,-121.580831087,113.6259593
P788,36.744334646,-121.478762026,626.6265116000002
P789,35.946587446,-120.47172847,503.3596462
P790,35.929147429000004,-120.51537555799999,553.6762637
P795,34.508123713,-116.148126138,1095.3087434
P796,32.497872132,-114.759348375,10.1695349
P797,33.537292641,-116.592525868,1403.77386
P799,33.927647721999996,-118.306349686,24.8359861
P800,34.021689497,-118.34906797299999,-2.2895408
P808,34.836019381999996,-118.62145462,914.3445028
P809,35.743899491,-119.23675540200001,62.8830598
P810,35.743957062,-119.236719456,62.4835105
P811,35.152431371,-118.01660691299999,708.7126547
P812,35.152499035,-118.01653508700001,708.356119
PACT,38.641950863000005,-117.802996672,1805.2547076
PAHR,36.139425976,-115.744559096,1311.4888632000002
PALG,33.389017309,-117.031781725,528.8081641
PALX,31.559116274,-116.06378524200001,1545.4814947999996
PANA,36.239694875,-117.41861748,780.865707
PAR1,34.578693605,-120.643541107,1.5801063
PB1Y,32.647938007,-115.69244265399999,1.1495382
PB2Y,32.613918301999995,-115.889611545,267.9137271
PBHR,35.708952434000004,-121.272412137,152.2313928
PBL1,37.85305317,-122.418943429,-7.921472200000001
PBL2,37.853225095999996,-122.419393215,-9.3436899
PBPP,34.508226624,-117.922571282,901.9454779
PCST,38.222587116999996,-119.939991027,2433.0931863
PDBL,35.664951851,-121.283027208,-27.0876757
PEA1,36.186906611,-120.75859713700001,789.6708338999998
PEA2,36.180531738,-120.766843792,682.4502302999998
PEAR,35.85520706,-117.902629123,897.4159020999998
PERL,36.901813112,-116.686370991,1351.4174012
PHIL,38.932484069000004,-118.088490783,1451.2608099
PHIN,36.980370185,-117.033938361,1540.8253279
PHJX,32.490055401999996,-115.55045031200001,105.4277918
PHLB,34.925422688000005,-117.69447727100001,886.1591819
PILO,38.269660838,-117.985131029,1706.4203892
PIN1,33.612156143,-116.458159959,1256.1307098
PIN2,33.612148432,-116.45761937299999,1258.398517
PIN3,34.452168814000004,-118.57487106100001,365.9720421
PINE,38.64543348,-119.05211168,1763.8991386
PIUT,35.385340747,-114.882141194,868.0276936
PJZX,32.417006805,-115.88372975200001,1335.7141441
PKDB,35.94523656,-120.541553505,589.8773798
PKRD,34.071559881,-118.232903224,130.8474395
PLCX,31.25521471,-116.158075584,182.9809601
PLE1,37.673249552,-121.864877385,80.5241812
PLO1,32.665403959,-117.24305556799999,-22.538352
PLO5,32.665420839,-117.243029099,-22.4974342
PLO6,32.665617049,-117.24317833299999,-22.4232287
PLPX,31.58860017,-115.151275149,813.4828269999998
PLSB,38.685040041,-121.76255433200001,-7.6562709
PLTX,31.816339196999998,-115.430892841,236.4836006
PMHS,33.902633889,-118.153686075,-11.1592313
PMOB,33.357238133,-116.859542516,1662.5315226
PMTN,37.831371941,-119.056928127,2401.6260611
PNUT,38.918509758,-119.486527471,2202.094459300001
POAK,37.795748454,-122.27910126100001,5.5340672999999985
POBG,33.687132234,-116.923748734,982.2322366
POIN,36.579643328,-116.119840854,916.619597
POLB,33.754173811,-118.201439022,10.0048238
POMM,35.919910873,-120.478435823,597.116391
POSD,32.667555305,-117.116645834,-21.3357108
POTB,38.20262557,-121.935386251,29.5283334
POTR,32.618411389,-116.590862371,730.2685362000002
PPBF,33.835726474,-117.18208842,428.10985199999993
PPT5,37.187085414,-122.38995242,8.0471599
PPT6,37.186829055,-122.389783021,5.968631200000001
PSAP,33.819236086,-116.49399010399999,86.73453509999999
PSDM,34.091763853,-117.80708794700001,278.3672963
PSSB,34.425982581999996,-119.70436354,7.457304700000001
PSTX,31.313120284,-115.83543181200001,902.1125659
PTAX,32.37748629,-115.45633485200001,1060.3515429
PTEX,32.2884519,-116.521234687,340.5909263000001
PTRO,38.209495043000004,-121.94416756700001,28.032862100000006
PUMP,38.906486379,-118.93565592799999,1833.7110681
PVE3,33.743295189,-118.404252875,71.06518990000002
PVEP,33.74328888,-118.40424446200001,69.3823787
PVHS,33.779452997,-118.37216224299999,259.5907636
PVRS,33.77386255,-118.32058785,59.8320735
QCY2,36.161065076,-121.13734659200001,101.4271938
QCYN,36.161156509,-121.13748182100001,98.6245057
QHTP,34.628679846,-118.244810962,863.0604883999998
QUEX,32.549206081,-115.15322568299999,-16.2377716
RAAP,33.042234853000004,-116.917246568,395.0224872
RAGG,34.683139751,-116.151457756,729.9220663
RAIL,38.280431408000005,-115.66484112100001,1575.2475422
RAMT,35.338714243000005,-117.683349313,1406.6179995
RAPT,36.664922513,-119.44870480799999,89.0142791
RBFT,33.528923814,-117.15947036200001,309.2900119
RBRU,36.759126704,-119.828665631,55.973627
RCA2,34.499980773000004,-119.719996085,1179.2038561
RCH3,38.00469044,-122.30764904,5.268282900000001
RCSC,33.444143626,-117.586477122,160.95683689999996
RDMT,34.643940565,-116.624686495,1782.9846176
RDOM,37.677068186999996,-118.897941106,2417.3749429
RELA,36.715378358,-116.55428931899999,839.2262457
REP2,36.840443054,-116.468322842,1479.0767322000004
REP3,36.841269720999996,-116.468140256,1478.1270338
REP4,36.849144654,-116.466100528,1455.3281625999996
REPO,36.840352916,-116.46834226899999,1479.4378330999998
RHCG,34.000903248,-118.013352089,338.70874489999994
RHCL,34.019050611,-118.026169571,176.86979399999996
RHIL,38.424631841,-117.574537901,1799.0605978
RIDG,36.493136619,-115.62340623799999,1280.9176032
RISU,38.625617602,-119.432627558,1706.4293954999996
RJAB,37.018533058,-121.560811338,34.811446000000004
RKMG,33.674126086,-117.609429054,377.6045952
RMVJ,33.48581093,-117.55532184299999,136.3940504
RNCH,35.899993699,-120.52482507799999,838.8208874
ROCH,33.611023202,-116.609768464,1393.95434
ROCK,34.235674345,-118.67643050299999,553.3874787999998
ROCP,37.816417253000004,-122.06294652,582.009416
ROGE,36.217877582,-117.08547092100001,3016.4390115
ROJO,38.57673522,-117.546325368,1779.7257278999996
ROPB,36.931155526,-121.779018097,8.217658199999999
ROUG,38.40338701,-118.98700114100001,1828.5524281
ROXY,36.839638636,-114.663978021,574.5502917
ROYS,38.262642283000005,-117.606591444,1613.75893
RP02,33.527659111,-117.59874704399999,60.7020733
RSTP,34.875080419,-118.192923465,712.7456863
RSVY,34.541476148,-119.184433787,987.4009273
RTHS,34.089149279000004,-117.353330661,328.6873233
RUMP,36.256906937,-115.86845886,1406.1519348
RUNG,32.972311266999995,-114.978033809,119.6692473
RVSD,33.920895478,-117.416601285,239.184678
RYAN,36.316283806,-116.650077186,1286.1533252
S300,37.666507338,-121.55826752899999,495.78499010000013
SA33,31.295209628000002,-113.52786956799999,-23.9316349
SA50,31.291267863,-113.49650375600001,-8.3972671
SA59,32.688771299,-114.495569463,42.5515188
SA63,32.688902661,-114.495724965,45.5954406
SAC1,38.574211723000005,-121.558630735,-19.5945207
SAC3,38.640063,-121.457896048,-15.6193983
SACL,37.379871794,-121.98305603600001,-16.0405938
SACR,38.654995695,-121.354235366,7.024551299999999
SACY,33.743245126,-117.895577733,-11.2512675
SAL3,36.788324871,-121.61303142,76.8003161
SALO,33.865050307,-113.70166605899999,820.8926375
SANA,38.24445301,-117.081571019,1775.9920985999993
SANM,37.564234749,-122.28349270000001,-20.8430795
SAOB,36.765301921,-121.447181281,359.8113398
SAWC,37.689896681,-118.953164906,2440.2627307
SBCC,33.552999845,-117.66148567799999,88.6852179
SBR5,34.510557037,-120.227281596,75.98656640000002
SBRB,37.686448945,-122.41084474899999,-13.2026837
SBRN,37.686218546999996,-122.410440936,-2.1613221
SCCP,37.651844834,-122.002065569,419.3021801
SCIA,34.60744633,-117.38829946,831.4688593999998
SCIP,32.914426908,-118.48793743,452.8555232
SCMS,33.444138333000005,-117.63455946299999,23.2720305
SCR1,36.975370593,-122.028165784,-21.9092977
SCTS,38.766921446,-119.968285187,2458.2177702
SDHL,34.255011119,-116.27889750700001,835.0538467
SEI2,37.981811175,-121.354306318,-20.3193527
SEIB,37.989484266999995,-121.289416319,-17.1821174
SFCC,37.772078264,-122.409919231,-9.342165
SFDM,34.459805107,-118.75450588,291.5204534
SFNT,37.714189703,-121.70534222399999,147.1399836
SGDM,34.205628601,-117.86170207200001,420.74472
SGHS,34.088624726,-118.108973394,79.8750293
SGLG,32.649265353000004,-115.72637752700001,78.33998609999998
SGPS,33.912535374,-116.695684039,476.7408699
SGU1,37.113193035,-113.570299292,894.8206359
SHIV,36.504800759,-113.45602134100001,1610.5311504
SHN5,35.674243734,-120.347059325,301.7473954
SHOS,35.971345586999995,-116.29898436399999,582.3932227000001
SHP5,35.268632989000004,-120.671281374,16.6929
SHRC,37.62493834,-118.94562671,2352.107047
SIBE,34.624258612,-116.015582459,362.5252787
SILK,34.102860965,-118.263867689,106.2219818
SILV,38.62402827,-120.194485863,2272.7664204
SIMI,34.249148525,-118.76537598899999,257.3399767
SIMM,35.351112308000005,-119.99780470700001,583.6257039
SIO3,32.864702113,-117.250406238,34.840239000000004
SIO5,32.840734404,-117.249688908,185.5320351
SIXM,36.244642746,-116.09135134200001,766.1049026000002
SKUL,36.730455325,-116.210624776,1237.3023191
SKYB,34.438623579,-118.478628936,520.2411430999998
SLAC,37.416516394,-122.204261373,63.71378489999999
SLDA,37.708788394,-121.072916603,-4.0635341
SLHG,33.19262295,-116.254058758,177.6308185
SLMS,33.292227394,-115.97784129,-45.9272343
SLN5,36.667044935999996,-121.633226535,-14.667872400000002
SLRC,32.517048017,-114.74733021799999,21.8614668
SMTN,32.958155349,-115.839203432,230.3839749
SMYC,36.319591797,-115.587482964,2562.7216211
SNHS,33.927335731999996,-117.928623887,66.4337561
SNI1,33.247873558,-119.524362411,239.6638549
SNOE,36.259595635,-115.03306385200001,569.6065587999999
SNOG,34.035211564,-116.80779019299999,2314.717251400001
SNRA,38.318942545,-119.603548109,2737.2431115
SNTA,34.911635776,-120.434212019,46.9814031
SNTE,32.830611296,-116.970888851,87.1250703
SNTF,33.94066321,-118.080371302,12.0012254
SOD2,37.166406525999996,-121.925524368,986.8165492
SODB,37.166403906,-121.92551751299999,985.5902876
SOMT,34.319938791,-119.064332021,464.2577545
SONG,33.380749526,-117.56026149700001,-2.9260709
SONO,37.984285661,-120.381455141,524.3500015
SPIG,31.04607287,-115.466019275,2751.1097076
SPK1,34.059341755,-118.646158916,440.1381391
SPMS,33.99265378,-117.848774526,207.0489055
SPMX,31.045043948000004,-115.465858958,2763.661352
SPW2,32.866906704,-117.257073222,-21.4498962
SRB1,37.874357272,-122.26696235600001,54.67704989999999
SRCK,38.924489689,-120.33674021799999,1896.6738532
SRES,35.818417316,-120.95717216700001,299.2826075000001
SRO1,38.448490993,-122.731761678,15.4371978
SRS1,34.004335421,-120.06522049700001,68.218203
STCK,37.995497878,-121.250662924,-17.269974100000002
STFU,37.426907513,-122.17329195100001,20.4017371
STHE,38.504541238,-122.468181629,48.25704260000001
STIR,36.510107117,-115.909959679,1413.0717227
STRI,36.644621952,-116.33779282299999,1029.8451598
STRK,36.415093175,-115.451134493,1044.461293
SUAA,37.426905575,-122.173286818,20.4641067
SULF,37.221175891,-117.684218171,1655.221592
SVAL,35.805502764,-115.518381045,1090.0206146
SVIN,38.033179026999996,-122.52631897399999,-27.5611179
SWEE,38.518673781,-119.20068469,2108.1836837
SWEP,37.611684127,-122.457698569,349.3006922
SYLV,37.452520349000004,-117.744466125,1887.4150061
SYNG,34.607231153,-120.069557402,167.87150469999997
T3RP,37.927889255,-122.588257432,732.3731203
TABL,34.381848351,-117.678280265,2228.0248869
TABV,34.381848921,-117.678282664,2228.0081878
TAFT,35.156545072,-119.485168714,287.1549728
TALC,36.351278419,-117.711561519,1482.5203182
TATE,36.931616354,-116.574273876,1293.2659067
TBLP,35.917410536999995,-120.360336123,937.4990813
TCGC,33.885201660999996,-117.55533801600001,157.4829929
TEHA,35.143059217,-118.469794041,1174.6799751
THAC,35.032693585,-118.35279884100001,1229.0500144000002
THAL,37.351486046,-121.935487689,-2.4940969
THCP,35.158182286,-118.41457096799999,1652.4059327
THMG,33.650640011,-116.077249916,33.6733133
THMS,33.549637292,-117.76679714299999,189.2154969
THOM,37.942904303,-117.37497975299999,1659.400924
THUM,35.183119897,-114.453859155,655.3091606
TIBB,37.890875074,-122.447602302,-21.09989
TILC,37.618887126,-118.86285639100001,2165.2956012
TIVA,36.934849358,-116.22970557299999,2034.1569331
TJRN,34.48347375,-120.132562485,157.1688949
TLCC,36.353313463,-117.704905673,1482.9100003
TMAP,33.641245018,-116.16045874,-66.89975
TMSB,38.570781933,-121.54921910600001,-15.295751
TNPP,31.335518596,-113.63163659700001,27.6360575
TNUG,38.808816175,-118.363759123,1427.9279677000004
TONI,38.358171416,-117.29261553,1823.0824976
TONO,38.097194031,-117.184040344,2066.0141096
TOPA,38.709757241999995,-119.542371559,1797.7244024999998
TOQU,38.928088777,-116.988697015,1926.1173516
TORP,33.797797908,-118.330603051,-5.2125623
TOST,34.247955581999996,-118.83666418600001,274.3905461
TOWG,35.808563803,-117.764894682,657.0781053999998
TOYA,38.910744025,-117.235635139,1814.2084087
TPLM,33.82177608,-116.39916131,50.3412578
TPOG,34.878859168000005,-118.228574956,772.2241384
TRA1,37.766677954,-121.432608302,-21.848619600000006
TRAK,33.617933607,-117.803431441,115.56533020000002
TRAM,36.275821052,-114.206392899,1115.7845774
TRAN,36.65084816,-120.24904213399999,21.2565262
TRCP,37.997423819,-122.61585826,217.6174722
TRLK,37.466642631,-120.828649911,2.6236145
TROY,34.838596908,-116.530543524,613.6050856
TSFX,30.933927045,-114.81063790399999,-7.1128475999999985
TWMS,33.972453951,-117.72551933700001,208.0872936
UCD1,38.536239665,-121.75123089200001,-0.3427916
UCLP,34.069120889000004,-118.44190948,111.555324
UCS1,34.415691348,-119.845323373,3.939271100000001
UCSB,34.413304499999995,-119.84381017,-9.519323599999998
UCSC,36.99826102,-122.05958436,230.0599436
UCSF,37.762967629,-122.458150415,154.6357322
UFOS,37.398806162,-117.10904886899999,1409.3155057
UNR1,36.247296197,-115.242728247,686.553744
UNR2,36.773432187,-114.05435024100001,551.0184025000002
USC1,34.023950817,-118.285114605,21.910845
USC2,34.019518809000004,-118.27736367,48.7789096
USGC,33.030063405,-116.085333761,133.4248876
USLO,35.311803802,-120.661092754,134.6285155
UTBE,37.706306878,-113.651933111,1562.2799672
UTCC,37.685824836,-113.061413676,1750.3082582000004
UTCE,37.704219625,-113.086819971,1704.7300449000004
UTGN,38.937861234,-114.034091672,1591.9500174
UTHN,37.185699006,-113.29868327,1012.8599625
UTM2,38.401895408,-113.010345532,1505.5062961
UTMI,38.396707488000004,-113.012527123,1503.5600561
UTSG,37.013078775,-113.613123611,795.8679549
VAN5,34.826614512,-120.563508736,99.1390246
VAN6,34.826458953,-120.56329341700001,99.5985206
VCST,34.851501986,-119.48385644,809.5961026000001
VCVL,38.394530354000004,-121.946941328,0.3839458
VDCY,34.178564818000005,-118.219998561,318.18834389999995
VEN4,34.24966471,-119.1995601,-1.0861661
VFSP,36.500762256,-114.528951213,550.0614674
VIMT,34.126447485,-118.514412854,553.7006353999999
VINE,36.995342428,-117.363416946,657.0099673999998
VINZ,34.962393096999996,-118.939009466,382.040899
VNCA,34.442297992,-118.634925966,340.1817597
VNCO,34.275764841,-119.23766887,25.7012537
VNCX,34.293192803000004,-118.48453956700001,328.5907634
VNDP,34.556309721,-120.616447139,-11.4988976
VNPS,34.501480152,-118.12115511299999,961.9036243
VONS,36.594098438,-116.62292723899999,717.1205149
VSPG,38.125990824,-120.86049651200001,134.5889632
VTIS,33.712638154000004,-118.29381911899999,59.4897029
VTOR,33.225014984,-117.193186154,379.9193688
VYAS,34.030914763,-117.99204679700001,56.45743270000001
WAHW,38.6456842,-113.413145264,1484.6699410999993
WALK,38.75872623,-118.76395829999998,1282.8526813
WASG,35.73838887,-118.55698040899999,1834.9403561
WASS,38.729736976999995,-118.894420362,1783.939055
WATC,37.664331635,-118.653888724,2363.7859314
WCHS,34.061897579000004,-117.911110081,100.0034859
WDLD,38.682411959,-121.74756521799999,-10.366808
WEEP,37.85003266,-117.56893218,1409.9788189
WGPP,35.010848126999996,-118.983687711,352.03128210000006
WHC1,33.979883139,-118.03116401700001,94.2000638
WHFG,35.695053403,-118.35195598700001,861.9073179999998
WHI1,33.973805224,-118.03446531600001,65.6275919
WHYT,33.674489471,-117.64345464700001,265.4167845
WIDC,33.934757473000005,-116.391781402,445.0556961
WIN2,37.652651175,-122.140628474,-27.6546954
WINT,37.652642196,-122.14056422200001,-28.8017569
WKPK,34.568498644,-118.741517049,1208.9197451
WLHG,36.152111207,-118.313111963,2646.299086
WLHL,35.972579138,-121.00414992799999,670.203653
WLSN,34.226120547,-118.055910255,1705.2608915999995
WLTN,32.743955707,-114.057407239,45.7622611
WMAP,34.259422966,-118.414287486,268.107096
WMCA,33.071884708,-115.612534778,-86.7047854
WMDG,33.038323786,-115.581895608,-78.4236618
WNRA,34.043236590999996,-118.05925482100001,40.1221506
WOAO,37.815008266,-122.283807006,-15.9230908
WOLF,37.608271035,-117.882875475,1915.8087064
WOMT,34.669014174000004,-116.931665452,1353.0117342
WORG,35.695567913000005,-118.24238764399999,798.4160987
WRHS,33.958151881999996,-118.42760679700001,7.8706106
WWFG,33.278835885999996,-115.57877947700001,-93.56045
WWMT,33.955312797,-116.653854937,796.6148749
YER1,38.992029319000004,-119.162279392,1317.2036078
YOMB,38.950433908,-117.51698618,2126.0628946
YUCI,34.005696174,-116.96979002799999,1089.0399972
YUHG,32.647565863000004,-115.922234193,152.5810514
YUMX,32.027682349,-115.199201027,-28.4571363
ZION,37.355781941,-113.12502586299999,1933.837483
ZLA1,34.603517915,-118.083893565,763.4009848
ZOA1,37.543052833000004,-122.015944245,-3.5718802000000003
ZOA2,37.543025612,-122.015892432,-3.5279006
ZUMA,37.558165976,-117.49021941,1924.5517791
